"","estudante","matematica","fisica","quimica"
"1","Gabriela",3.70000004768372,2.70000004768372,9.10000038146973
"2","Luiz Felipe",7.80000019073486,8,1.5
"3","Patricia",8.89999961853027,1,2.70000004768372
"4","Ovidio",7,1,9
"5","Leonor",3.40000009536743,2,5
